break_id,client_id,client_name,security_id,ticker,security_name,break_date,source_system,internal_system,source_quantity,internal_quantity,break_quantity,break_value_inr,break_pct,severity,rag_status,status,region,asset_class,sector,raised_date,sla_hours,sla_breached,assigned_to,root_cause
BRK-0001,CLT0008,Nippon India MF,INE213A01029,MARUTI,Maruti Suzuki India Ltd,2024-08-02,Bloomberg AIM,Charles River,61069,69118,8049,103027200,13.181,High,Red,In Progress,APAC,Equity,Auto,2024-08-02,8,False,Recon Team,System Sync Delay
BRK-0002,CLT0006,LIC of India,INE414G01012,ADANIENT,Adani Enterprises Ltd,2025-01-13,Custodian Report,Charles River,46504,40686,5818,14254100,12.511,High,Red,Open,APAC,Equity,Conglomerate,2025-01-13,24,False,Recon Team,System Sync Delay
BRK-0003,CLT0008,Nippon India MF,INE117A01022,BHARTIARTL,Bharti Airtel Ltd,2024-12-01,Broker Confirm,Charles River,13079,13270,191,265490,1.465,Low,Green,Open,APAC,Equity,Telecom,2024-12-01,8,False,Recon Team,Price Variance
BRK-0004,CLT0003,SBI Life Insurance,INE117A01022,BHARTIARTL,Bharti Airtel Ltd,2025-04-23,Custodian Report,In-house,76289,68819,7470,10383300,9.79,High,Red,In Progress,APAC,Equity,Telecom,2025-04-23,8,False,Client Services,Price Variance
BRK-0005,CLT0011,BlackRock India Fund,INE585B01010,AXISBANK,Axis Bank Ltd,2024-07-21,Bloomberg AIM,Simcorp,60513,66296,5783,6072150,9.558,High,Red,In Progress,Americas,Equity,Banking,2024-07-21,8,False,Data Ops Team,System Sync Delay
BRK-0006,CLT0004,HDFC Pension Fund,INE009A01021,INFY,Infosys Ltd,2025-05-08,Custodian Report,In-house,69724,75733,6009,8893320,8.62,High,Red,Open,APAC,Equity,IT,2025-05-08,48,False,Data Ops Team,System Sync Delay
BRK-0007,CLT0005,Kotak Mahindra AMC,INE031A01017,POWERGRID,Power Grid Corp of India,2024-07-14,Bloomberg AIM,Charles River,46302,48046,1744,549360,3.767,Medium,Amber,Resolved,APAC,Equity,Utilities,2024-07-14,4,False,Escalation Desk,Trade Timing
BRK-0008,CLT0006,LIC of India,INE361B01024,HCLTECH,HCL Technologies Ltd,2025-05-19,Custodian Report,Charles River,7422,7844,422,666760,5.692,Medium,Amber,Open,APAC,Equity,IT,2025-05-19,8,False,Client Services,System Sync Delay
BRK-0009,CLT0001,Tata Investment Corp,INE721A01013,SUNPHARMA,Sun Pharmaceutical Ltd,2024-09-23,Broker Confirm,Charles River,94286,89408,4878,8195040,5.174,Medium,Amber,Open,APAC,Equity,Pharma,2024-09-23,48,False,Escalation Desk,Corporate Action
BRK-0010,CLT0006,LIC of India,INE001A01036,SBIN,State Bank of India,2025-02-01,Custodian Report,Charles River,65131,72437,7306,5698680,11.218,High,Red,Resolved,APAC,Equity,Banking,2025-02-01,48,True,Escalation Desk,Trade Timing
BRK-0011,CLT0008,Nippon India MF,INE361B01024,HCLTECH,HCL Technologies Ltd,2025-02-21,Broker Confirm,Simcorp,93747,97154,3407,5383060,3.635,Medium,Amber,Open,APAC,Equity,IT,2025-02-21,24,False,Recon Team,Price Variance
BRK-0012,CLT0011,BlackRock India Fund,INE031A01017,POWERGRID,Power Grid Corp of India,2025-01-28,Broker Confirm,In-house,78486,79282,796,250740,1.015,Low,Green,In Progress,Americas,Equity,Utilities,2025-01-28,4,False,Data Ops Team,System Sync Delay
BRK-0013,CLT0007,ICICI Prudential AMC,INE038A01020,HINDALCO,Hindalco Industries Ltd,2025-03-17,Bloomberg AIM,In-house,64959,67760,2801,1848660,4.313,Medium,Amber,Escalated,APAC,Equity,Metals,2025-03-17,48,False,Data Ops Team,System Sync Delay
BRK-0014,CLT0001,Tata Investment Corp,INE002A01018,RELIANCE,Reliance Industries Ltd,2024-09-13,Custodian Report,In-house,73947,74150,203,578550,0.275,Low,Green,Open,APAC,Equity,Energy,2024-09-13,24,False,Data Ops Team,Corporate Action
BRK-0015,CLT0007,ICICI Prudential AMC,INE040A01034,HDFCBANK,HDFC Bank Ltd,2025-01-15,Bloomberg AIM,Charles River,88719,99905,11186,18121320,12.609,High,Red,Resolved,APAC,Equity,Banking,2025-01-15,48,False,Client Services,Trade Timing
BRK-0016,CLT0001,Tata Investment Corp,INE002A01018,RELIANCE,Reliance Industries Ltd,2024-09-05,Bloomberg AIM,Simcorp,86834,97387,10553,30076050,12.154,High,Red,Open,APAC,Equity,Energy,2024-09-05,24,False,Recon Team,Corporate Action
BRK-0017,CLT0009,Emirates NBD Asset Mgmt,INE154A01025,ITC,ITC Ltd,2025-04-08,Bloomberg AIM,In-house,16916,16279,637,296205,3.762,Medium,Amber,Open,EMEA,Equity,FMCG,2025-04-08,24,False,Data Ops Team,Price Variance
BRK-0018,CLT0014,Temasek Holdings,INE020B01018,NTPC,NTPC Ltd,2024-10-31,Bloomberg AIM,In-house,93620,98620,5000,1800000,5.342,Medium,Amber,In Progress,APAC,Equity,Utilities,2024-10-31,4,True,Recon Team,System Sync Delay
BRK-0019,CLT0005,Kotak Mahindra AMC,INE414G01012,ADANIENT,Adani Enterprises Ltd,2024-07-08,Bloomberg AIM,Charles River,45892,41171,4721,11566450,10.286,High,Red,Open,APAC,Equity,Conglomerate,2024-07-08,24,False,Client Services,Price Variance
BRK-0020,CLT0008,Nippon India MF,INE361B01024,HCLTECH,HCL Technologies Ltd,2024-06-16,Custodian Report,Charles River,66806,65446,1360,2148800,2.035,Low,Green,Open,APAC,Equity,IT,2024-06-16,8,True,Escalation Desk,Manual Entry Error
BRK-0021,CLT0003,SBI Life Insurance,INE001A01036,SBIN,State Bank of India,2025-03-03,Custodian Report,Charles River,21321,21411,90,70200,0.424,Low,Green,Open,APAC,Equity,Banking,2025-03-03,24,True,Client Services,Corporate Action
BRK-0022,CLT0008,Nippon India MF,INE066A01021,ONGC,Oil & Natural Gas Corp,2024-07-03,Custodian Report,Simcorp,16148,15189,959,258930,5.934,Medium,Amber,In Progress,APAC,Equity,Energy,2024-07-03,24,True,Data Ops Team,Manual Entry Error
BRK-0023,CLT0002,Aditya Birla Capital,INE721A01013,SUNPHARMA,Sun Pharmaceutical Ltd,2024-07-06,Bloomberg AIM,In-house,72629,76674,4045,6795600,5.57,Medium,Amber,Escalated,APAC,Equity,Pharma,2024-07-06,4,False,Client Services,Corporate Action
BRK-0024,CLT0007,ICICI Prudential AMC,INE090A01021,ICICIBANK,ICICI Bank Ltd,2024-12-22,Custodian Report,Simcorp,33346,31519,1827,2265480,5.477,Medium,Amber,In Progress,APAC,Equity,Banking,2024-12-22,24,False,Client Services,Manual Entry Error
BRK-0025,CLT0007,ICICI Prudential AMC,INE414G01012,ADANIENT,Adani Enterprises Ltd,2024-09-27,Custodian Report,Simcorp,24356,24324,32,78400,0.128,Low,Green,Escalated,APAC,Equity,Conglomerate,2024-09-27,24,True,Data Ops Team,Trade Timing
BRK-0026,CLT0012,Vanguard Emerging Markets,INE467B01029,TCS,Tata Consultancy Services,2025-01-31,Bloomberg AIM,Charles River,79220,73505,5715,22402800,7.214,Medium,Amber,Resolved,Americas,Equity,IT,2025-01-31,24,False,Data Ops Team,System Sync Delay
BRK-0027,CLT0013,GIC Private Ltd Singapore,INE075A01022,WIPRO,Wipro Ltd,2024-10-28,Custodian Report,In-house,89118,91667,2549,1325480,2.861,Low,Green,Open,APAC,Equity,IT,2024-10-28,24,True,Recon Team,Price Variance
BRK-0028,CLT0010,Abu Dhabi Investment Auth,INE031A01017,POWERGRID,Power Grid Corp of India,2024-07-26,Bloomberg AIM,Simcorp,3023,3301,278,87570,9.212,High,Red,Open,EMEA,Equity,Utilities,2024-07-26,4,False,Data Ops Team,Corporate Action
BRK-0029,CLT0010,Abu Dhabi Investment Auth,INE467B01029,TCS,Tata Consultancy Services,2025-03-18,Custodian Report,In-house,77354,76929,425,1666000,0.549,Low,Green,Open,EMEA,Equity,IT,2025-03-18,24,True,Recon Team,Price Variance
BRK-0030,CLT0007,ICICI Prudential AMC,INE040A01034,HDFCBANK,HDFC Bank Ltd,2024-07-04,Bloomberg AIM,In-house,89726,89624,102,165240,0.113,Low,Green,In Progress,APAC,Equity,Banking,2024-07-04,48,True,Client Services,Corporate Action
BRK-0031,CLT0009,Emirates NBD Asset Mgmt,INE066A01021,ONGC,Oil & Natural Gas Corp,2024-06-23,Broker Confirm,Simcorp,83540,89895,6355,1715850,7.608,Medium,Amber,Resolved,EMEA,Equity,Energy,2024-06-23,8,False,Client Services,Trade Timing
BRK-0032,CLT0011,BlackRock India Fund,INE018A01030,LARSEN,Larsen & Toubro Ltd,2025-02-07,Custodian Report,In-house,62752,65531,2779,10143350,4.429,Medium,Amber,In Progress,Americas,Equity,Infrastructure,2025-02-07,48,True,Recon Team,Corporate Action
BRK-0033,CLT0006,LIC of India,INE090A01021,ICICIBANK,ICICI Bank Ltd,2024-09-09,Bloomberg AIM,Charles River,27854,25717,2137,2649880,7.672,Medium,Amber,Open,APAC,Equity,Banking,2024-09-09,8,False,Data Ops Team,Price Variance
BRK-0034,CLT0009,Emirates NBD Asset Mgmt,INE296A01024,BAJFINANCE,Bajaj Finance Ltd,2024-08-23,Broker Confirm,Simcorp,51323,44453,6870,48777000,13.384,High,Red,Escalated,EMEA,Equity,NBFC,2024-08-23,8,True,Escalation Desk,Corporate Action
BRK-0035,CLT0010,Abu Dhabi Investment Auth,INE009A01021,INFY,Infosys Ltd,2025-02-07,Broker Confirm,Charles River,38714,39860,1146,1696080,2.961,Low,Green,In Progress,EMEA,Equity,IT,2025-02-07,24,False,Recon Team,Trade Timing
BRK-0036,CLT0006,LIC of India,INE066A01021,ONGC,Oil & Natural Gas Corp,2025-04-25,Broker Confirm,Simcorp,28441,24333,4108,1109160,14.443,High,Red,Resolved,APAC,Equity,Energy,2025-04-25,24,False,Data Ops Team,Manual Entry Error
BRK-0037,CLT0009,Emirates NBD Asset Mgmt,INE038A01020,HINDALCO,Hindalco Industries Ltd,2024-10-24,Bloomberg AIM,Simcorp,27323,28717,1394,920040,5.105,Medium,Amber,In Progress,EMEA,Equity,Metals,2024-10-24,48,False,Data Ops Team,System Sync Delay
BRK-0038,CLT0002,Aditya Birla Capital,INE414G01012,ADANIENT,Adani Enterprises Ltd,2025-04-01,Broker Confirm,Simcorp,8595,7354,1241,3040450,14.429,High,Red,Open,APAC,Equity,Conglomerate,2025-04-01,48,False,Data Ops Team,Corporate Action
BRK-0039,CLT0004,HDFC Pension Fund,INE154A01025,ITC,ITC Ltd,2024-07-13,Bloomberg AIM,Simcorp,49481,52499,3018,1403370,6.101,Medium,Amber,In Progress,APAC,Equity,FMCG,2024-07-13,24,False,Recon Team,Corporate Action
BRK-0040,CLT0006,LIC of India,INE002A01018,RELIANCE,Reliance Industries Ltd,2024-07-14,Broker Confirm,Charles River,41301,39752,1549,4414650,3.75,Medium,Amber,In Progress,APAC,Equity,Energy,2024-07-14,8,False,Escalation Desk,Price Variance
BRK-0041,CLT0003,SBI Life Insurance,INE031A01017,POWERGRID,Power Grid Corp of India,2025-03-07,Broker Confirm,Simcorp,21112,23055,1943,612045,9.207,High,Red,In Progress,APAC,Equity,Utilities,2025-03-07,4,False,Client Services,Price Variance
BRK-0042,CLT0002,Aditya Birla Capital,INE018A01030,LARSEN,Larsen & Toubro Ltd,2025-05-12,Bloomberg AIM,Simcorp,89925,81570,8355,30495750,9.29,High,Red,In Progress,APAC,Equity,Infrastructure,2025-05-12,8,False,Escalation Desk,Corporate Action
BRK-0043,CLT0009,Emirates NBD Asset Mgmt,INE585B01010,AXISBANK,Axis Bank Ltd,2025-02-24,Bloomberg AIM,Simcorp,31911,30635,1276,1339800,3.998,Medium,Amber,Open,EMEA,Equity,Banking,2025-02-24,48,False,Escalation Desk,Corporate Action
BRK-0044,CLT0011,BlackRock India Fund,INE001A01036,SBIN,State Bank of India,2024-06-12,Bloomberg AIM,Charles River,85861,85108,753,587340,0.877,Low,Green,Open,Americas,Equity,Banking,2024-06-12,24,True,Data Ops Team,System Sync Delay
BRK-0045,CLT0013,GIC Private Ltd Singapore,INE361B01024,HCLTECH,HCL Technologies Ltd,2025-05-24,Bloomberg AIM,In-house,54216,53608,608,960640,1.12,Low,Green,In Progress,APAC,Equity,IT,2025-05-24,24,False,Recon Team,Manual Entry Error
BRK-0046,CLT0001,Tata Investment Corp,INE414G01012,ADANIENT,Adani Enterprises Ltd,2024-09-06,Broker Confirm,In-house,5470,5887,417,1021650,7.638,Medium,Amber,In Progress,APAC,Equity,Conglomerate,2024-09-06,48,False,Recon Team,Trade Timing
BRK-0047,CLT0001,Tata Investment Corp,INE066A01021,ONGC,Oil & Natural Gas Corp,2024-08-25,Custodian Report,In-house,85105,90867,5762,1555740,6.771,Medium,Amber,Resolved,APAC,Equity,Energy,2024-08-25,4,False,Recon Team,Manual Entry Error
BRK-0048,CLT0004,HDFC Pension Fund,INE031A01017,POWERGRID,Power Grid Corp of India,2024-10-09,Bloomberg AIM,Simcorp,2773,2739,34,10710,1.217,Low,Green,Open,APAC,Equity,Utilities,2024-10-09,48,False,Client Services,System Sync Delay
BRK-0049,CLT0002,Aditya Birla Capital,INE001A01036,SBIN,State Bank of India,2025-05-21,Bloomberg AIM,Simcorp,14547,15553,1006,784680,6.922,Medium,Amber,Open,APAC,Equity,Banking,2025-05-21,4,False,Client Services,System Sync Delay
BRK-0050,CLT0004,HDFC Pension Fund,INE414G01012,ADANIENT,Adani Enterprises Ltd,2024-06-25,Broker Confirm,Simcorp,92035,93680,1645,4030250,1.788,Low,Green,Open,APAC,Equity,Conglomerate,2024-06-25,4,False,Recon Team,System Sync Delay
BRK-0051,CLT0002,Aditya Birla Capital,INE018A01030,LARSEN,Larsen & Toubro Ltd,2024-11-24,Bloomberg AIM,In-house,90341,92218,1877,6851050,2.079,Low,Green,In Progress,APAC,Equity,Infrastructure,2024-11-24,24,False,Client Services,System Sync Delay
BRK-0052,CLT0014,Temasek Holdings,INE018A01030,LARSEN,Larsen & Toubro Ltd,2024-09-12,Custodian Report,Charles River,11872,11851,21,76650,0.175,Low,Green,Open,APAC,Equity,Infrastructure,2024-09-12,24,True,Client Services,Manual Entry Error
BRK-0053,CLT0013,GIC Private Ltd Singapore,INE296A01024,BAJFINANCE,Bajaj Finance Ltd,2024-11-06,Bloomberg AIM,Charles River,76250,74027,2223,15783300,2.915,Low,Green,In Progress,APAC,Equity,NBFC,2024-11-06,8,False,Data Ops Team,Corporate Action
BRK-0054,CLT0012,Vanguard Emerging Markets,INE066A01021,ONGC,Oil & Natural Gas Corp,2025-03-17,Bloomberg AIM,Simcorp,97922,86459,11463,3095010,11.706,High,Red,Resolved,Americas,Equity,Energy,2025-03-17,4,False,Client Services,Trade Timing
BRK-0055,CLT0010,Abu Dhabi Investment Auth,INE414G01012,ADANIENT,Adani Enterprises Ltd,2024-10-02,Custodian Report,In-house,20057,23017,2960,7252000,14.763,High,Red,Open,EMEA,Equity,Conglomerate,2024-10-02,48,False,Escalation Desk,Trade Timing
BRK-0056,CLT0008,Nippon India MF,INE018A01030,LARSEN,Larsen & Toubro Ltd,2024-11-15,Broker Confirm,Charles River,14614,15102,488,1781200,3.343,Medium,Amber,In Progress,APAC,Equity,Infrastructure,2024-11-15,8,False,Client Services,Trade Timing
BRK-0057,CLT0014,Temasek Holdings,INE009A01021,INFY,Infosys Ltd,2025-05-21,Custodian Report,In-house,97122,98916,1794,2655120,1.848,Low,Green,Resolved,APAC,Equity,IT,2025-05-21,8,True,Data Ops Team,Manual Entry Error
BRK-0058,CLT0005,Kotak Mahindra AMC,INE066A01021,ONGC,Oil & Natural Gas Corp,2024-10-23,Bloomberg AIM,Charles River,62365,61895,470,126900,0.753,Low,Green,Open,APAC,Equity,Energy,2024-10-23,8,False,Client Services,Manual Entry Error
BRK-0059,CLT0003,SBI Life Insurance,INE296A01024,BAJFINANCE,Bajaj Finance Ltd,2025-04-09,Bloomberg AIM,Charles River,92243,88355,3888,27604800,4.214,Medium,Amber,Escalated,APAC,Equity,NBFC,2025-04-09,8,False,Data Ops Team,Corporate Action
BRK-0060,CLT0012,Vanguard Emerging Markets,INE001A01036,SBIN,State Bank of India,2025-05-21,Custodian Report,In-house,4892,4275,617,481260,12.595,High,Red,Open,Americas,Equity,Banking,2025-05-21,24,False,Data Ops Team,System Sync Delay
BRK-0061,CLT0003,SBI Life Insurance,INE414G01012,ADANIENT,Adani Enterprises Ltd,2024-12-23,Broker Confirm,Charles River,32990,28374,4616,11309200,13.992,High,Red,Resolved,APAC,Equity,Conglomerate,2024-12-23,8,True,Recon Team,Price Variance
BRK-0062,CLT0002,Aditya Birla Capital,INE066A01021,ONGC,Oil & Natural Gas Corp,2025-04-18,Broker Confirm,Simcorp,42593,47774,5181,1398870,12.164,High,Red,In Progress,APAC,Equity,Energy,2025-04-18,8,False,Client Services,Corporate Action
BRK-0063,CLT0005,Kotak Mahindra AMC,INE066A01021,ONGC,Oil & Natural Gas Corp,2025-01-01,Broker Confirm,Simcorp,88988,88818,170,45900,0.19,Low,Green,Open,APAC,Equity,Energy,2025-01-01,4,False,Escalation Desk,Price Variance
BRK-0064,CLT0002,Aditya Birla Capital,INE040A01034,HDFCBANK,HDFC Bank Ltd,2024-11-14,Bloomberg AIM,Charles River,69196,74259,5063,8202060,7.318,Medium,Amber,Open,APAC,Equity,Banking,2024-11-14,4,True,Data Ops Team,Price Variance
BRK-0065,CLT0013,GIC Private Ltd Singapore,INE213A01029,MARUTI,Maruti Suzuki India Ltd,2025-03-28,Broker Confirm,Charles River,13655,13285,370,4736000,2.705,Low,Green,In Progress,APAC,Equity,Auto,2025-03-28,8,False,Escalation Desk,Corporate Action
BRK-0066,CLT0013,GIC Private Ltd Singapore,INE361B01024,HCLTECH,HCL Technologies Ltd,2025-01-13,Broker Confirm,Charles River,15582,14717,865,1366700,5.55,Medium,Amber,Open,APAC,Equity,IT,2025-01-13,48,False,Client Services,Corporate Action
BRK-0067,CLT0015,Norges Bank Investment Mgmt,INE414G01012,ADANIENT,Adani Enterprises Ltd,2024-11-05,Broker Confirm,Simcorp,74840,66889,7951,19479950,10.624,High,Red,Open,EMEA,Equity,Conglomerate,2024-11-05,48,False,Data Ops Team,Trade Timing
BRK-0068,CLT0012,Vanguard Emerging Markets,INE296A01024,BAJFINANCE,Bajaj Finance Ltd,2024-07-24,Bloomberg AIM,Charles River,92092,87706,4386,31140600,4.762,Medium,Amber,In Progress,Americas,Equity,NBFC,2024-07-24,8,False,Data Ops Team,Corporate Action
BRK-0069,CLT0013,GIC Private Ltd Singapore,INE075A01022,WIPRO,Wipro Ltd,2025-04-19,Custodian Report,In-house,35924,39249,3325,1729000,9.256,High,Red,Resolved,APAC,Equity,IT,2025-04-19,24,False,Recon Team,Corporate Action
BRK-0070,CLT0014,Temasek Holdings,INE075A01022,WIPRO,Wipro Ltd,2024-07-23,Custodian Report,In-house,11989,13346,1357,705640,11.321,High,Red,Resolved,APAC,Equity,IT,2024-07-23,4,True,Client Services,Corporate Action
BRK-0071,CLT0007,ICICI Prudential AMC,INE117A01022,BHARTIARTL,Bharti Airtel Ltd,2024-09-24,Broker Confirm,Charles River,49840,45325,4515,6275850,9.057,High,Red,Resolved,APAC,Equity,Telecom,2024-09-24,24,False,Data Ops Team,Price Variance
BRK-0072,CLT0005,Kotak Mahindra AMC,INE467B01029,TCS,Tata Consultancy Services,2025-03-10,Bloomberg AIM,Simcorp,89523,84761,4762,18667040,5.319,Medium,Amber,In Progress,APAC,Equity,IT,2025-03-10,48,True,Data Ops Team,System Sync Delay
BRK-0073,CLT0005,Kotak Mahindra AMC,INE721A01013,SUNPHARMA,Sun Pharmaceutical Ltd,2024-10-07,Bloomberg AIM,Charles River,65506,58381,7125,11970000,10.875,High,Red,Open,APAC,Equity,Pharma,2024-10-07,24,False,Client Services,Price Variance
BRK-0074,CLT0010,Abu Dhabi Investment Auth,INE361B01024,HCLTECH,HCL Technologies Ltd,2024-08-01,Bloomberg AIM,Charles River,59044,62613,3569,5639020,6.045,Medium,Amber,In Progress,EMEA,Equity,IT,2024-08-01,48,False,Data Ops Team,System Sync Delay
BRK-0075,CLT0011,BlackRock India Fund,INE001A01036,SBIN,State Bank of India,2024-07-08,Bloomberg AIM,In-house,74141,68935,5206,4060680,7.021,Medium,Amber,Open,Americas,Equity,Banking,2024-07-08,24,False,Escalation Desk,Trade Timing
BRK-0076,CLT0005,Kotak Mahindra AMC,INE001A01036,SBIN,State Bank of India,2025-01-08,Custodian Report,In-house,15441,13965,1476,1151280,9.557,High,Red,Open,APAC,Equity,Banking,2025-01-08,48,True,Client Services,Manual Entry Error
BRK-0077,CLT0008,Nippon India MF,INE117A01022,BHARTIARTL,Bharti Airtel Ltd,2025-05-15,Custodian Report,In-house,46194,41711,4483,6231370,9.705,High,Red,Resolved,APAC,Equity,Telecom,2025-05-15,4,True,Recon Team,Manual Entry Error
BRK-0078,CLT0004,HDFC Pension Fund,INE296A01024,BAJFINANCE,Bajaj Finance Ltd,2025-05-02,Bloomberg AIM,Charles River,42767,42668,99,702900,0.23,Low,Green,Open,APAC,Equity,NBFC,2025-05-02,24,False,Data Ops Team,System Sync Delay
BRK-0079,CLT0007,ICICI Prudential AMC,INE154A01025,ITC,ITC Ltd,2024-08-28,Broker Confirm,Simcorp,98667,87070,11597,5392605,11.753,High,Red,In Progress,APAC,Equity,FMCG,2024-08-28,4,True,Recon Team,Trade Timing
BRK-0080,CLT0010,Abu Dhabi Investment Auth,INE009A01021,INFY,Infosys Ltd,2024-12-19,Custodian Report,In-house,61548,68649,7101,10509480,11.538,High,Red,Open,EMEA,Equity,IT,2024-12-19,8,False,Data Ops Team,Trade Timing
BRK-0081,CLT0008,Nippon India MF,INE038A01020,HINDALCO,Hindalco Industries Ltd,2025-04-15,Custodian Report,Simcorp,84591,79546,5045,3329700,5.964,Medium,Amber,Resolved,APAC,Equity,Metals,2025-04-15,48,True,Data Ops Team,Corporate Action
BRK-0082,CLT0011,BlackRock India Fund,INE154A01025,ITC,ITC Ltd,2024-06-17,Custodian Report,In-house,6167,5660,507,235755,8.217,High,Red,In Progress,Americas,Equity,FMCG,2024-06-17,8,False,Client Services,Corporate Action
BRK-0083,CLT0012,Vanguard Emerging Markets,INE040A01034,HDFCBANK,HDFC Bank Ltd,2024-07-03,Custodian Report,Simcorp,88527,76115,12412,20107440,14.02,High,Red,In Progress,Americas,Equity,Banking,2024-07-03,4,False,Recon Team,Manual Entry Error
BRK-0084,CLT0005,Kotak Mahindra AMC,INE038A01020,HINDALCO,Hindalco Industries Ltd,2025-04-24,Broker Confirm,Charles River,19455,18901,554,365640,2.845,Low,Green,Resolved,APAC,Equity,Metals,2025-04-24,48,False,Client Services,Price Variance
BRK-0085,CLT0001,Tata Investment Corp,INE117A01022,BHARTIARTL,Bharti Airtel Ltd,2024-09-27,Custodian Report,Charles River,24561,25879,1318,1832020,5.367,Medium,Amber,Open,APAC,Equity,Telecom,2024-09-27,48,False,Escalation Desk,Price Variance
BRK-0086,CLT0011,BlackRock India Fund,INE040A01034,HDFCBANK,HDFC Bank Ltd,2024-10-03,Custodian Report,In-house,80692,75347,5345,8658900,6.624,Medium,Amber,Open,Americas,Equity,Banking,2024-10-03,8,False,Escalation Desk,System Sync Delay
BRK-0087,CLT0015,Norges Bank Investment Mgmt,INE031A01017,POWERGRID,Power Grid Corp of India,2024-06-01,Bloomberg AIM,Charles River,63345,60764,2581,813015,4.074,Medium,Amber,In Progress,EMEA,Equity,Utilities,2024-06-01,24,True,Recon Team,System Sync Delay
BRK-0088,CLT0007,ICICI Prudential AMC,INE154A01025,ITC,ITC Ltd,2025-02-16,Custodian Report,In-house,1849,1954,105,48825,5.724,Medium,Amber,Resolved,APAC,Equity,FMCG,2025-02-16,8,False,Escalation Desk,Trade Timing
BRK-0089,CLT0003,SBI Life Insurance,INE038A01020,HINDALCO,Hindalco Industries Ltd,2025-05-24,Custodian Report,In-house,41289,40604,685,452100,1.658,Low,Green,Resolved,APAC,Equity,Metals,2025-05-24,48,False,Data Ops Team,Manual Entry Error
BRK-0090,CLT0009,Emirates NBD Asset Mgmt,INE075A01022,WIPRO,Wipro Ltd,2024-08-22,Custodian Report,In-house,71647,66344,5303,2757560,7.401,Medium,Amber,Open,EMEA,Equity,IT,2024-08-22,24,False,Recon Team,Manual Entry Error
BRK-0091,CLT0015,Norges Bank Investment Mgmt,INE467B01029,TCS,Tata Consultancy Services,2025-04-17,Broker Confirm,Charles River,80391,76027,4364,17106880,5.427,Medium,Amber,In Progress,EMEA,Equity,IT,2025-04-17,24,True,Escalation Desk,System Sync Delay
BRK-0092,CLT0013,GIC Private Ltd Singapore,INE075A01022,WIPRO,Wipro Ltd,2025-02-04,Broker Confirm,Simcorp,71038,81618,10580,5501600,14.893,High,Red,Resolved,APAC,Equity,IT,2025-02-04,48,False,Client Services,System Sync Delay
BRK-0093,CLT0010,Abu Dhabi Investment Auth,INE066A01021,ONGC,Oil & Natural Gas Corp,2024-09-11,Custodian Report,In-house,78028,83983,5955,1607850,7.633,Medium,Amber,Escalated,EMEA,Equity,Energy,2024-09-11,4,True,Data Ops Team,Price Variance
BRK-0094,CLT0014,Temasek Holdings,INE031A01017,POWERGRID,Power Grid Corp of India,2024-12-03,Bloomberg AIM,Simcorp,32066,31527,539,169785,1.679,Low,Green,In Progress,APAC,Equity,Utilities,2024-12-03,8,False,Escalation Desk,Manual Entry Error
BRK-0095,CLT0009,Emirates NBD Asset Mgmt,INE090A01021,ICICIBANK,ICICI Bank Ltd,2025-03-15,Broker Confirm,Simcorp,28356,24893,3463,4294120,12.21,High,Red,Open,EMEA,Equity,Banking,2025-03-15,4,True,Client Services,Trade Timing
BRK-0096,CLT0002,Aditya Birla Capital,INE066A01021,ONGC,Oil & Natural Gas Corp,2025-01-25,Custodian Report,Simcorp,68289,77090,8801,2376270,12.888,High,Red,Open,APAC,Equity,Energy,2025-01-25,24,False,Escalation Desk,Corporate Action
BRK-0097,CLT0011,BlackRock India Fund,INE414G01012,ADANIENT,Adani Enterprises Ltd,2025-05-11,Custodian Report,Simcorp,48771,55116,6345,15545250,13.011,High,Red,In Progress,Americas,Equity,Conglomerate,2025-05-11,4,False,Data Ops Team,Trade Timing
BRK-0098,CLT0004,HDFC Pension Fund,INE031A01017,POWERGRID,Power Grid Corp of India,2025-05-07,Bloomberg AIM,Charles River,36856,41981,5125,1614375,13.906,High,Red,Open,APAC,Equity,Utilities,2025-05-07,24,False,Client Services,Corporate Action
BRK-0099,CLT0012,Vanguard Emerging Markets,INE002A01018,RELIANCE,Reliance Industries Ltd,2025-02-11,Bloomberg AIM,Simcorp,57242,57608,366,1043100,0.641,Low,Green,Open,Americas,Equity,Energy,2025-02-11,24,False,Escalation Desk,Corporate Action
BRK-0100,CLT0012,Vanguard Emerging Markets,INE001A01036,SBIN,State Bank of India,2025-01-29,Broker Confirm,Charles River,57154,54372,2782,2169960,4.866,Medium,Amber,Resolved,Americas,Equity,Banking,2025-01-29,8,False,Escalation Desk,Price Variance
BRK-0101,CLT0009,Emirates NBD Asset Mgmt,INE585B01010,AXISBANK,Axis Bank Ltd,2025-01-30,Broker Confirm,In-house,94109,97913,3804,3994200,4.043,Medium,Amber,In Progress,EMEA,Equity,Banking,2025-01-30,4,True,Recon Team,Corporate Action
BRK-0102,CLT0005,Kotak Mahindra AMC,INE009A01021,INFY,Infosys Ltd,2024-12-16,Broker Confirm,In-house,9680,9851,171,253080,1.771,Low,Green,Open,APAC,Equity,IT,2024-12-16,4,False,Recon Team,Corporate Action
BRK-0103,CLT0010,Abu Dhabi Investment Auth,INE020B01018,NTPC,NTPC Ltd,2025-04-26,Broker Confirm,Charles River,58808,66733,7925,2853000,13.476,High,Red,Resolved,EMEA,Equity,Utilities,2025-04-26,48,False,Escalation Desk,Manual Entry Error
BRK-0104,CLT0001,Tata Investment Corp,INE075A01022,WIPRO,Wipro Ltd,2024-06-20,Bloomberg AIM,Charles River,46105,46377,272,141440,0.592,Low,Green,In Progress,APAC,Equity,IT,2024-06-20,4,True,Data Ops Team,System Sync Delay
BRK-0105,CLT0001,Tata Investment Corp,INE075A01022,WIPRO,Wipro Ltd,2024-12-14,Bloomberg AIM,In-house,16452,16137,315,163800,1.912,Low,Green,Resolved,APAC,Equity,IT,2024-12-14,48,True,Data Ops Team,Manual Entry Error
BRK-0106,CLT0004,HDFC Pension Fund,INE075A01022,WIPRO,Wipro Ltd,2024-12-29,Custodian Report,Simcorp,20617,17674,2943,1530360,14.274,High,Red,Open,APAC,Equity,IT,2024-12-29,8,False,Data Ops Team,Manual Entry Error
BRK-0107,CLT0012,Vanguard Emerging Markets,INE040A01034,HDFCBANK,HDFC Bank Ltd,2024-08-15,Custodian Report,Charles River,63746,69431,5685,9209700,8.919,High,Red,Open,Americas,Equity,Banking,2024-08-15,24,True,Recon Team,Price Variance
BRK-0108,CLT0013,GIC Private Ltd Singapore,INE001A01036,SBIN,State Bank of India,2024-10-13,Broker Confirm,In-house,18069,17981,88,68640,0.487,Low,Green,Open,APAC,Equity,Banking,2024-10-13,8,False,Data Ops Team,Price Variance
BRK-0109,CLT0012,Vanguard Emerging Markets,INE296A01024,BAJFINANCE,Bajaj Finance Ltd,2025-01-19,Broker Confirm,Simcorp,62571,62135,436,3095600,0.696,Low,Green,Open,Americas,Equity,NBFC,2025-01-19,48,False,Escalation Desk,Trade Timing
BRK-0110,CLT0005,Kotak Mahindra AMC,INE467B01029,TCS,Tata Consultancy Services,2024-11-04,Broker Confirm,In-house,92759,88166,4593,18004560,4.951,Medium,Amber,Open,APAC,Equity,IT,2024-11-04,24,False,Recon Team,System Sync Delay
BRK-0111,CLT0008,Nippon India MF,INE467B01029,TCS,Tata Consultancy Services,2024-08-27,Custodian Report,Charles River,89669,85277,4392,17216640,4.897,Medium,Amber,Resolved,APAC,Equity,IT,2024-08-27,48,False,Data Ops Team,Manual Entry Error
BRK-0112,CLT0011,BlackRock India Fund,INE001A01036,SBIN,State Bank of India,2024-11-19,Bloomberg AIM,Charles River,4869,4198,671,523380,13.781,High,Red,Open,Americas,Equity,Banking,2024-11-19,48,True,Data Ops Team,System Sync Delay
BRK-0113,CLT0011,BlackRock India Fund,INE296A01024,BAJFINANCE,Bajaj Finance Ltd,2024-07-17,Custodian Report,Charles River,30788,28656,2132,15137200,6.922,Medium,Amber,In Progress,Americas,Equity,NBFC,2024-07-17,4,False,Data Ops Team,Trade Timing
BRK-0114,CLT0013,GIC Private Ltd Singapore,INE467B01029,TCS,Tata Consultancy Services,2024-11-16,Bloomberg AIM,Charles River,69369,63967,5402,21175840,7.786,Medium,Amber,In Progress,APAC,Equity,IT,2024-11-16,48,True,Data Ops Team,Price Variance
BRK-0115,CLT0012,Vanguard Emerging Markets,INE018A01030,LARSEN,Larsen & Toubro Ltd,2024-10-31,Broker Confirm,In-house,94594,84302,10292,37565800,10.88,High,Red,Open,Americas,Equity,Infrastructure,2024-10-31,8,False,Client Services,Trade Timing
BRK-0116,CLT0001,Tata Investment Corp,INE414G01012,ADANIENT,Adani Enterprises Ltd,2024-12-16,Custodian Report,In-house,81366,85091,3725,9126250,4.579,Medium,Amber,In Progress,APAC,Equity,Conglomerate,2024-12-16,24,False,Client Services,Manual Entry Error
BRK-0117,CLT0009,Emirates NBD Asset Mgmt,INE002A01018,RELIANCE,Reliance Industries Ltd,2025-03-14,Custodian Report,In-house,2576,2292,284,809400,10.993,High,Red,In Progress,EMEA,Equity,Energy,2025-03-14,8,False,Client Services,Manual Entry Error
BRK-0118,CLT0013,GIC Private Ltd Singapore,INE031A01017,POWERGRID,Power Grid Corp of India,2024-06-06,Custodian Report,In-house,85401,94253,8852,2788380,10.366,High,Red,In Progress,APAC,Equity,Utilities,2024-06-06,8,False,Recon Team,Manual Entry Error
BRK-0119,CLT0009,Emirates NBD Asset Mgmt,INE467B01029,TCS,Tata Consultancy Services,2025-04-20,Bloomberg AIM,Simcorp,66646,64307,2339,9168880,3.509,Medium,Amber,Resolved,EMEA,Equity,IT,2025-04-20,24,False,Data Ops Team,Trade Timing
BRK-0120,CLT0004,HDFC Pension Fund,INE117A01022,BHARTIARTL,Bharti Airtel Ltd,2025-03-31,Broker Confirm,Simcorp,79298,85823,6525,9069750,8.229,High,Red,Open,APAC,Equity,Telecom,2025-03-31,8,False,Escalation Desk,Corporate Action
BRK-0121,CLT0006,LIC of India,INE414G01012,ADANIENT,Adani Enterprises Ltd,2025-03-07,Bloomberg AIM,Charles River,42816,44711,1895,4642750,4.427,Medium,Amber,In Progress,APAC,Equity,Conglomerate,2025-03-07,8,False,Data Ops Team,System Sync Delay
BRK-0122,CLT0013,GIC Private Ltd Singapore,INE040A01034,HDFCBANK,HDFC Bank Ltd,2025-02-04,Bloomberg AIM,In-house,66847,57033,9814,15898680,14.68,High,Red,Open,APAC,Equity,Banking,2025-02-04,24,False,Recon Team,Price Variance
BRK-0123,CLT0008,Nippon India MF,INE075A01022,WIPRO,Wipro Ltd,2025-01-18,Custodian Report,Charles River,47234,43100,4134,2149680,8.75,High,Red,In Progress,APAC,Equity,IT,2025-01-18,48,False,Data Ops Team,Corporate Action
BRK-0124,CLT0002,Aditya Birla Capital,INE066A01021,ONGC,Oil & Natural Gas Corp,2025-03-26,Custodian Report,In-house,91819,95071,3252,878040,3.542,Medium,Amber,Open,APAC,Equity,Energy,2025-03-26,8,False,Escalation Desk,Trade Timing
BRK-0125,CLT0006,LIC of India,INE090A01021,ICICIBANK,ICICI Bank Ltd,2024-10-06,Bloomberg AIM,In-house,67102,72022,4920,6100800,7.333,Medium,Amber,Open,APAC,Equity,Banking,2024-10-06,48,False,Client Services,Price Variance
BRK-0126,CLT0002,Aditya Birla Capital,INE361B01024,HCLTECH,HCL Technologies Ltd,2024-12-08,Broker Confirm,In-house,14863,16695,1832,2894560,12.33,High,Red,Resolved,APAC,Equity,IT,2024-12-08,48,True,Escalation Desk,Price Variance
BRK-0127,CLT0001,Tata Investment Corp,INE038A01020,HINDALCO,Hindalco Industries Ltd,2024-11-08,Bloomberg AIM,Simcorp,49106,49509,403,265980,0.821,Low,Green,Open,APAC,Equity,Metals,2024-11-08,4,False,Data Ops Team,Price Variance
BRK-0128,CLT0012,Vanguard Emerging Markets,INE414G01012,ADANIENT,Adani Enterprises Ltd,2024-06-20,Bloomberg AIM,Charles River,12123,13597,1474,3611300,12.164,High,Red,Resolved,Americas,Equity,Conglomerate,2024-06-20,4,True,Recon Team,System Sync Delay
BRK-0129,CLT0002,Aditya Birla Capital,INE001A01036,SBIN,State Bank of India,2024-09-22,Broker Confirm,In-house,61790,55879,5911,4610580,9.565,High,Red,Open,APAC,Equity,Banking,2024-09-22,8,False,Escalation Desk,Price Variance
BRK-0130,CLT0007,ICICI Prudential AMC,INE585B01010,AXISBANK,Axis Bank Ltd,2024-08-15,Custodian Report,In-house,5900,6536,636,667800,10.793,High,Red,In Progress,APAC,Equity,Banking,2024-08-15,24,False,Recon Team,Price Variance
BRK-0131,CLT0005,Kotak Mahindra AMC,INE009A01021,INFY,Infosys Ltd,2024-08-25,Bloomberg AIM,Charles River,99596,105687,6091,9014680,6.116,Medium,Amber,In Progress,APAC,Equity,IT,2024-08-25,48,True,Escalation Desk,Trade Timing
BRK-0132,CLT0008,Nippon India MF,INE467B01029,TCS,Tata Consultancy Services,2024-12-24,Broker Confirm,In-house,89406,87570,1836,7197120,2.053,Low,Green,Open,APAC,Equity,IT,2024-12-24,4,False,Client Services,Manual Entry Error
BRK-0133,CLT0008,Nippon India MF,INE361B01024,HCLTECH,HCL Technologies Ltd,2025-01-18,Bloomberg AIM,Charles River,77789,81202,3413,5392540,4.388,Medium,Amber,Open,APAC,Equity,IT,2025-01-18,8,False,Recon Team,Manual Entry Error
BRK-0134,CLT0001,Tata Investment Corp,INE361B01024,HCLTECH,HCL Technologies Ltd,2024-10-24,Broker Confirm,In-house,61767,52706,9061,14316380,14.669,High,Red,In Progress,APAC,Equity,IT,2024-10-24,8,False,Recon Team,Trade Timing
BRK-0135,CLT0008,Nippon India MF,INE038A01020,HINDALCO,Hindalco Industries Ltd,2025-05-26,Broker Confirm,Charles River,98444,111995,13551,8943660,13.766,High,Red,Resolved,APAC,Equity,Metals,2025-05-26,8,True,Client Services,Corporate Action
BRK-0136,CLT0005,Kotak Mahindra AMC,INE075A01022,WIPRO,Wipro Ltd,2024-11-28,Custodian Report,In-house,8256,7244,1012,526240,12.251,High,Red,Open,APAC,Equity,IT,2024-11-28,4,False,Client Services,Manual Entry Error
BRK-0137,CLT0004,HDFC Pension Fund,INE040A01034,HDFCBANK,HDFC Bank Ltd,2025-04-08,Custodian Report,Simcorp,60220,67554,7334,11881080,12.18,High,Red,Resolved,APAC,Equity,Banking,2025-04-08,8,False,Client Services,Trade Timing
BRK-0138,CLT0002,Aditya Birla Capital,INE213A01029,MARUTI,Maruti Suzuki India Ltd,2024-10-09,Custodian Report,In-house,62828,66368,3540,45312000,5.635,Medium,Amber,In Progress,APAC,Equity,Auto,2024-10-09,4,False,Recon Team,Price Variance
BRK-0139,CLT0001,Tata Investment Corp,INE414G01012,ADANIENT,Adani Enterprises Ltd,2025-01-06,Bloomberg AIM,In-house,8218,8034,184,450800,2.228,Low,Green,In Progress,APAC,Equity,Conglomerate,2025-01-06,4,False,Recon Team,Trade Timing
BRK-0140,CLT0010,Abu Dhabi Investment Auth,INE296A01024,BAJFINANCE,Bajaj Finance Ltd,2024-10-22,Broker Confirm,Charles River,90267,97147,6880,48848000,7.623,Medium,Amber,Escalated,EMEA,Equity,NBFC,2024-10-22,24,False,Recon Team,System Sync Delay
BRK-0141,CLT0011,BlackRock India Fund,INE213A01029,MARUTI,Maruti Suzuki India Ltd,2025-01-17,Broker Confirm,Charles River,91029,81993,9036,115660800,9.925,High,Red,Escalated,Americas,Equity,Auto,2025-01-17,48,False,Escalation Desk,Manual Entry Error
BRK-0142,CLT0011,BlackRock India Fund,INE721A01013,SUNPHARMA,Sun Pharmaceutical Ltd,2025-01-19,Broker Confirm,Simcorp,88741,90508,1767,2968560,1.992,Low,Green,Open,Americas,Equity,Pharma,2025-01-19,4,False,Client Services,Price Variance
BRK-0143,CLT0003,SBI Life Insurance,INE018A01030,LARSEN,Larsen & Toubro Ltd,2024-08-29,Bloomberg AIM,Charles River,95385,98815,3430,12519500,3.597,Medium,Amber,In Progress,APAC,Equity,Infrastructure,2024-08-29,24,False,Data Ops Team,Manual Entry Error
BRK-0144,CLT0003,SBI Life Insurance,INE090A01021,ICICIBANK,ICICI Bank Ltd,2025-05-02,Broker Confirm,Charles River,27151,23092,4059,5033160,14.95,High,Red,Open,APAC,Equity,Banking,2025-05-02,8,False,Client Services,System Sync Delay
BRK-0145,CLT0012,Vanguard Emerging Markets,INE117A01022,BHARTIARTL,Bharti Airtel Ltd,2024-11-23,Broker Confirm,Simcorp,65778,62718,3060,4253400,4.651,Medium,Amber,Open,Americas,Equity,Telecom,2024-11-23,4,True,Client Services,Trade Timing
BRK-0146,CLT0003,SBI Life Insurance,INE090A01021,ICICIBANK,ICICI Bank Ltd,2024-11-11,Custodian Report,Simcorp,45071,46975,1904,2360960,4.225,Medium,Amber,Resolved,APAC,Equity,Banking,2024-11-11,4,False,Data Ops Team,Manual Entry Error
BRK-0147,CLT0013,GIC Private Ltd Singapore,INE721A01013,SUNPHARMA,Sun Pharmaceutical Ltd,2024-12-09,Custodian Report,Simcorp,75856,86307,10451,17557680,13.778,High,Red,In Progress,APAC,Equity,Pharma,2024-12-09,4,False,Client Services,Trade Timing
BRK-0148,CLT0014,Temasek Holdings,INE090A01021,ICICIBANK,ICICI Bank Ltd,2024-08-17,Custodian Report,Charles River,23405,22192,1213,1504120,5.18,Medium,Amber,Resolved,APAC,Equity,Banking,2024-08-17,4,False,Recon Team,Price Variance
BRK-0149,CLT0011,BlackRock India Fund,INE020B01018,NTPC,NTPC Ltd,2024-10-27,Broker Confirm,Simcorp,98048,87701,10347,3724920,10.552,High,Red,In Progress,Americas,Equity,Utilities,2024-10-27,4,False,Escalation Desk,Trade Timing
BRK-0150,CLT0013,GIC Private Ltd Singapore,INE296A01024,BAJFINANCE,Bajaj Finance Ltd,2025-03-09,Broker Confirm,Charles River,46169,47336,1167,8285700,2.529,Low,Green,Open,APAC,Equity,NBFC,2025-03-09,48,False,Escalation Desk,System Sync Delay
BRK-0151,CLT0001,Tata Investment Corp,INE296A01024,BAJFINANCE,Bajaj Finance Ltd,2025-01-03,Custodian Report,In-house,22434,19659,2775,19702500,12.368,High,Red,Resolved,APAC,Equity,NBFC,2025-01-03,48,False,Recon Team,Manual Entry Error
BRK-0152,CLT0002,Aditya Birla Capital,INE361B01024,HCLTECH,HCL Technologies Ltd,2025-03-09,Broker Confirm,In-house,73102,63967,9135,14433300,12.496,High,Red,Resolved,APAC,Equity,IT,2025-03-09,24,False,Recon Team,Corporate Action
BRK-0153,CLT0009,Emirates NBD Asset Mgmt,INE090A01021,ICICIBANK,ICICI Bank Ltd,2024-09-29,Broker Confirm,Charles River,53457,57946,4489,5566360,8.398,High,Red,In Progress,EMEA,Equity,Banking,2024-09-29,24,True,Recon Team,Manual Entry Error
BRK-0154,CLT0007,ICICI Prudential AMC,INE117A01022,BHARTIARTL,Bharti Airtel Ltd,2025-03-04,Broker Confirm,In-house,58436,56322,2114,2938460,3.617,Medium,Amber,In Progress,APAC,Equity,Telecom,2025-03-04,4,False,Recon Team,System Sync Delay
BRK-0155,CLT0014,Temasek Holdings,INE154A01025,ITC,ITC Ltd,2024-06-22,Bloomberg AIM,Charles River,65578,72445,6867,3193155,10.473,High,Red,Open,APAC,Equity,FMCG,2024-06-22,4,False,Escalation Desk,Trade Timing
BRK-0156,CLT0012,Vanguard Emerging Markets,INE467B01029,TCS,Tata Consultancy Services,2025-02-16,Custodian Report,Simcorp,9536,9489,47,184240,0.493,Low,Green,Open,Americas,Equity,IT,2025-02-16,24,False,Recon Team,Price Variance
BRK-0157,CLT0014,Temasek Holdings,INE585B01010,AXISBANK,Axis Bank Ltd,2024-06-10,Broker Confirm,Simcorp,68859,69967,1108,1163400,1.61,Low,Green,In Progress,APAC,Equity,Banking,2024-06-10,4,False,Escalation Desk,Manual Entry Error
BRK-0158,CLT0005,Kotak Mahindra AMC,INE361B01024,HCLTECH,HCL Technologies Ltd,2024-07-25,Bloomberg AIM,Simcorp,57522,58325,803,1268740,1.397,Low,Green,Open,APAC,Equity,IT,2024-07-25,4,False,Escalation Desk,Corporate Action
BRK-0159,CLT0011,BlackRock India Fund,INE414G01012,ADANIENT,Adani Enterprises Ltd,2025-05-11,Bloomberg AIM,Charles River,27590,30656,3066,7511700,11.113,High,Red,In Progress,Americas,Equity,Conglomerate,2025-05-11,4,False,Client Services,Corporate Action
BRK-0160,CLT0004,HDFC Pension Fund,INE031A01017,POWERGRID,Power Grid Corp of India,2024-07-24,Bloomberg AIM,Simcorp,10537,9526,1011,318465,9.586,High,Red,Resolved,APAC,Equity,Utilities,2024-07-24,48,False,Escalation Desk,Corporate Action
BRK-0161,CLT0008,Nippon India MF,INE020B01018,NTPC,NTPC Ltd,2024-12-13,Bloomberg AIM,Charles River,58892,60324,1432,515520,2.432,Low,Green,Resolved,APAC,Equity,Utilities,2024-12-13,24,False,Client Services,Price Variance
BRK-0162,CLT0004,HDFC Pension Fund,INE001A01036,SBIN,State Bank of India,2025-01-29,Custodian Report,In-house,34476,36357,1881,1467180,5.457,Medium,Amber,In Progress,APAC,Equity,Banking,2025-01-29,8,False,Recon Team,System Sync Delay
BRK-0163,CLT0006,LIC of India,INE154A01025,ITC,ITC Ltd,2024-07-25,Custodian Report,In-house,76428,72390,4038,1877670,5.283,Medium,Amber,In Progress,APAC,Equity,FMCG,2024-07-25,48,False,Recon Team,System Sync Delay
BRK-0164,CLT0001,Tata Investment Corp,INE001A01036,SBIN,State Bank of India,2025-05-11,Bloomberg AIM,Simcorp,14877,14184,693,540540,4.657,Medium,Amber,Open,APAC,Equity,Banking,2025-05-11,4,False,Escalation Desk,Manual Entry Error
BRK-0165,CLT0006,LIC of India,INE117A01022,BHARTIARTL,Bharti Airtel Ltd,2025-04-19,Broker Confirm,Charles River,92950,99638,6688,9296320,7.196,Medium,Amber,Resolved,APAC,Equity,Telecom,2025-04-19,4,True,Escalation Desk,Manual Entry Error
BRK-0166,CLT0015,Norges Bank Investment Mgmt,INE721A01013,SUNPHARMA,Sun Pharmaceutical Ltd,2025-02-02,Bloomberg AIM,Simcorp,26734,30356,3622,6084960,13.552,High,Red,Open,EMEA,Equity,Pharma,2025-02-02,4,False,Data Ops Team,System Sync Delay
BRK-0167,CLT0009,Emirates NBD Asset Mgmt,INE721A01013,SUNPHARMA,Sun Pharmaceutical Ltd,2024-11-20,Custodian Report,Simcorp,51446,47055,4391,7376880,8.535,High,Red,Resolved,EMEA,Equity,Pharma,2024-11-20,8,False,Escalation Desk,Price Variance
BRK-0168,CLT0012,Vanguard Emerging Markets,INE467B01029,TCS,Tata Consultancy Services,2024-11-13,Broker Confirm,Simcorp,90671,96215,5544,21732480,6.115,Medium,Amber,Open,Americas,Equity,IT,2024-11-13,4,True,Recon Team,Trade Timing
BRK-0169,CLT0002,Aditya Birla Capital,INE296A01024,BAJFINANCE,Bajaj Finance Ltd,2025-04-26,Broker Confirm,Charles River,20542,19716,826,5864600,4.019,Medium,Amber,In Progress,APAC,Equity,NBFC,2025-04-26,4,True,Client Services,Price Variance
BRK-0170,CLT0002,Aditya Birla Capital,INE031A01017,POWERGRID,Power Grid Corp of India,2024-11-01,Custodian Report,In-house,48168,53852,5684,1790460,11.802,High,Red,Open,APAC,Equity,Utilities,2024-11-01,24,False,Recon Team,System Sync Delay
BRK-0171,CLT0001,Tata Investment Corp,INE075A01022,WIPRO,Wipro Ltd,2025-03-28,Custodian Report,In-house,34833,34204,629,327080,1.805,Low,Green,Open,APAC,Equity,IT,2025-03-28,8,False,Client Services,Corporate Action
BRK-0172,CLT0009,Emirates NBD Asset Mgmt,INE721A01013,SUNPHARMA,Sun Pharmaceutical Ltd,2024-06-11,Broker Confirm,Charles River,77928,88066,10138,17031840,13.01,High,Red,Resolved,EMEA,Equity,Pharma,2024-06-11,48,False,Escalation Desk,Trade Timing
BRK-0173,CLT0001,Tata Investment Corp,INE090A01021,ICICIBANK,ICICI Bank Ltd,2024-09-19,Bloomberg AIM,In-house,67625,57492,10133,12564920,14.984,High,Red,In Progress,APAC,Equity,Banking,2024-09-19,4,False,Recon Team,Price Variance
BRK-0174,CLT0003,SBI Life Insurance,INE001A01036,SBIN,State Bank of India,2024-11-10,Bloomberg AIM,Charles River,74163,64221,9942,7754760,13.405,High,Red,Resolved,APAC,Equity,Banking,2024-11-10,48,False,Escalation Desk,Trade Timing
BRK-0175,CLT0009,Emirates NBD Asset Mgmt,INE009A01021,INFY,Infosys Ltd,2024-07-09,Broker Confirm,Simcorp,23001,21769,1232,1823360,5.353,Medium,Amber,Open,EMEA,Equity,IT,2024-07-09,24,True,Escalation Desk,Manual Entry Error
BRK-0176,CLT0013,GIC Private Ltd Singapore,INE585B01010,AXISBANK,Axis Bank Ltd,2024-12-13,Bloomberg AIM,Simcorp,54214,56100,1886,1980300,3.48,Medium,Amber,Open,APAC,Equity,Banking,2024-12-13,4,False,Client Services,Trade Timing
BRK-0177,CLT0012,Vanguard Emerging Markets,INE018A01030,LARSEN,Larsen & Toubro Ltd,2025-03-27,Bloomberg AIM,Simcorp,54596,59008,4412,16103800,8.082,High,Red,In Progress,Americas,Equity,Infrastructure,2025-03-27,8,False,Escalation Desk,Corporate Action
BRK-0178,CLT0009,Emirates NBD Asset Mgmt,INE020B01018,NTPC,NTPC Ltd,2024-06-15,Broker Confirm,Simcorp,28215,28143,72,25920,0.253,Low,Green,Open,EMEA,Equity,Utilities,2024-06-15,24,False,Escalation Desk,Price Variance
BRK-0179,CLT0011,BlackRock India Fund,INE031A01017,POWERGRID,Power Grid Corp of India,2025-05-03,Broker Confirm,In-house,64590,56385,8205,2584575,12.703,High,Red,In Progress,Americas,Equity,Utilities,2025-05-03,48,True,Recon Team,Corporate Action
BRK-0180,CLT0015,Norges Bank Investment Mgmt,INE361B01024,HCLTECH,HCL Technologies Ltd,2024-08-06,Broker Confirm,In-house,86861,83616,3245,5127100,3.735,Medium,Amber,In Progress,EMEA,Equity,IT,2024-08-06,4,False,Recon Team,Corporate Action
BRK-0181,CLT0004,HDFC Pension Fund,INE361B01024,HCLTECH,HCL Technologies Ltd,2024-12-11,Bloomberg AIM,In-house,93008,98789,5781,9133980,6.216,Medium,Amber,In Progress,APAC,Equity,IT,2024-12-11,8,False,Recon Team,Corporate Action
BRK-0182,CLT0014,Temasek Holdings,INE009A01021,INFY,Infosys Ltd,2024-07-01,Custodian Report,Charles River,3032,2760,272,402560,8.942,High,Red,In Progress,APAC,Equity,IT,2024-07-01,24,True,Recon Team,System Sync Delay
BRK-0183,CLT0009,Emirates NBD Asset Mgmt,INE075A01022,WIPRO,Wipro Ltd,2024-12-07,Custodian Report,Charles River,72999,65458,7541,3921320,10.329,High,Red,Open,EMEA,Equity,IT,2024-12-07,48,False,Escalation Desk,System Sync Delay
BRK-0184,CLT0010,Abu Dhabi Investment Auth,INE467B01029,TCS,Tata Consultancy Services,2025-05-01,Custodian Report,Charles River,55485,52549,2936,11509120,5.29,Medium,Amber,Open,EMEA,Equity,IT,2025-05-01,8,False,Escalation Desk,Price Variance
BRK-0185,CLT0001,Tata Investment Corp,INE038A01020,HINDALCO,Hindalco Industries Ltd,2024-09-16,Broker Confirm,Simcorp,27752,27150,602,397320,2.166,Low,Green,Open,APAC,Equity,Metals,2024-09-16,48,True,Data Ops Team,Trade Timing
BRK-0186,CLT0015,Norges Bank Investment Mgmt,INE414G01012,ADANIENT,Adani Enterprises Ltd,2024-09-16,Custodian Report,Simcorp,37933,38351,418,1024100,1.102,Low,Green,Open,EMEA,Equity,Conglomerate,2024-09-16,4,False,Escalation Desk,Trade Timing
BRK-0187,CLT0001,Tata Investment Corp,INE001A01036,SBIN,State Bank of India,2024-06-06,Broker Confirm,In-house,90519,97801,7282,5679960,8.046,High,Red,In Progress,APAC,Equity,Banking,2024-06-06,24,False,Data Ops Team,Corporate Action
BRK-0188,CLT0003,SBI Life Insurance,INE031A01017,POWERGRID,Power Grid Corp of India,2025-01-15,Custodian Report,In-house,35503,38584,3081,970515,8.678,High,Red,Open,APAC,Equity,Utilities,2025-01-15,24,True,Recon Team,Trade Timing
BRK-0189,CLT0007,ICICI Prudential AMC,INE066A01021,ONGC,Oil & Natural Gas Corp,2025-05-16,Custodian Report,In-house,62248,63674,1426,385020,2.292,Low,Green,Open,APAC,Equity,Energy,2025-05-16,4,False,Escalation Desk,Trade Timing
BRK-0190,CLT0012,Vanguard Emerging Markets,INE090A01021,ICICIBANK,ICICI Bank Ltd,2024-08-28,Custodian Report,In-house,19313,17947,1366,1693840,7.069,Medium,Amber,Resolved,Americas,Equity,Banking,2024-08-28,4,False,Data Ops Team,Price Variance
BRK-0191,CLT0011,BlackRock India Fund,INE002A01018,RELIANCE,Reliance Industries Ltd,2025-01-24,Custodian Report,In-house,14803,13992,811,2311350,5.475,Medium,Amber,Escalated,Americas,Equity,Energy,2025-01-24,24,False,Escalation Desk,Trade Timing
BRK-0192,CLT0001,Tata Investment Corp,INE154A01025,ITC,ITC Ltd,2024-10-04,Broker Confirm,Charles River,54378,58778,4400,2046000,8.092,High,Red,In Progress,APAC,Equity,FMCG,2024-10-04,48,False,Data Ops Team,Manual Entry Error
BRK-0193,CLT0004,HDFC Pension Fund,INE075A01022,WIPRO,Wipro Ltd,2024-09-02,Bloomberg AIM,In-house,47898,43649,4249,2209480,8.87,High,Red,In Progress,APAC,Equity,IT,2024-09-02,4,True,Escalation Desk,System Sync Delay
BRK-0194,CLT0015,Norges Bank Investment Mgmt,INE066A01021,ONGC,Oil & Natural Gas Corp,2025-02-07,Bloomberg AIM,Charles River,14829,15645,816,220320,5.506,Medium,Amber,In Progress,EMEA,Equity,Energy,2025-02-07,48,True,Escalation Desk,System Sync Delay
BRK-0195,CLT0005,Kotak Mahindra AMC,INE213A01029,MARUTI,Maruti Suzuki India Ltd,2025-05-03,Custodian Report,Simcorp,58435,52963,5472,70041600,9.364,High,Red,Resolved,APAC,Equity,Auto,2025-05-03,24,False,Data Ops Team,Trade Timing
BRK-0196,CLT0006,LIC of India,INE585B01010,AXISBANK,Axis Bank Ltd,2025-05-23,Custodian Report,Charles River,3506,3363,143,150150,4.068,Medium,Amber,Open,APAC,Equity,Banking,2025-05-23,4,True,Escalation Desk,Manual Entry Error
BRK-0197,CLT0010,Abu Dhabi Investment Auth,INE040A01034,HDFCBANK,HDFC Bank Ltd,2024-12-03,Broker Confirm,In-house,52507,52822,315,510300,0.6,Low,Green,In Progress,EMEA,Equity,Banking,2024-12-03,24,False,Escalation Desk,Trade Timing
BRK-0198,CLT0014,Temasek Holdings,INE154A01025,ITC,ITC Ltd,2025-04-08,Custodian Report,In-house,23705,21603,2102,977430,8.863,High,Red,Open,APAC,Equity,FMCG,2025-04-08,24,False,Escalation Desk,Trade Timing
BRK-0199,CLT0004,HDFC Pension Fund,INE090A01021,ICICIBANK,ICICI Bank Ltd,2024-07-06,Bloomberg AIM,Simcorp,33475,30457,3018,3742320,9.013,High,Red,Open,APAC,Equity,Banking,2024-07-06,8,True,Data Ops Team,Price Variance
BRK-0200,CLT0015,Norges Bank Investment Mgmt,INE585B01010,AXISBANK,Axis Bank Ltd,2025-01-26,Broker Confirm,Charles River,59310,52930,6380,6699000,10.757,High,Red,In Progress,EMEA,Equity,Banking,2025-01-26,4,False,Data Ops Team,Corporate Action
BRK-0201,CLT0008,Nippon India MF,INE361B01024,HCLTECH,HCL Technologies Ltd,2025-05-02,Broker Confirm,In-house,89511,88539,972,1535760,1.085,Low,Green,Open,APAC,Equity,IT,2025-05-02,8,False,Client Services,System Sync Delay
BRK-0202,CLT0013,GIC Private Ltd Singapore,INE020B01018,NTPC,NTPC Ltd,2025-01-17,Bloomberg AIM,Charles River,89736,92027,2291,824760,2.553,Low,Green,Escalated,APAC,Equity,Utilities,2025-01-17,24,False,Client Services,Trade Timing
BRK-0203,CLT0002,Aditya Birla Capital,INE414G01012,ADANIENT,Adani Enterprises Ltd,2025-01-11,Broker Confirm,Simcorp,61073,69610,8537,20915650,13.979,High,Red,In Progress,APAC,Equity,Conglomerate,2025-01-11,24,False,Escalation Desk,Corporate Action
BRK-0204,CLT0014,Temasek Holdings,INE090A01021,ICICIBANK,ICICI Bank Ltd,2025-03-22,Broker Confirm,Charles River,30048,28169,1879,2329960,6.252,Medium,Amber,Escalated,APAC,Equity,Banking,2025-03-22,8,False,Data Ops Team,Price Variance
BRK-0205,CLT0011,BlackRock India Fund,INE038A01020,HINDALCO,Hindalco Industries Ltd,2024-07-01,Broker Confirm,Charles River,63583,56985,6598,4354680,10.376,High,Red,Escalated,Americas,Equity,Metals,2024-07-01,8,False,Recon Team,Price Variance
BRK-0206,CLT0014,Temasek Holdings,INE467B01029,TCS,Tata Consultancy Services,2024-10-06,Broker Confirm,Simcorp,52710,52301,409,1603280,0.775,Low,Green,Open,APAC,Equity,IT,2024-10-06,8,False,Data Ops Team,Corporate Action
BRK-0207,CLT0003,SBI Life Insurance,INE075A01022,WIPRO,Wipro Ltd,2024-07-07,Bloomberg AIM,In-house,5370,5305,65,33800,1.195,Low,Green,Resolved,APAC,Equity,IT,2024-07-07,48,False,Recon Team,Price Variance
BRK-0208,CLT0015,Norges Bank Investment Mgmt,INE018A01030,LARSEN,Larsen & Toubro Ltd,2025-04-02,Bloomberg AIM,Simcorp,25768,23981,1787,6522550,6.933,Medium,Amber,Open,EMEA,Equity,Infrastructure,2025-04-02,48,True,Recon Team,Trade Timing
BRK-0209,CLT0015,Norges Bank Investment Mgmt,INE040A01034,HDFCBANK,HDFC Bank Ltd,2025-03-05,Bloomberg AIM,Charles River,2595,2656,61,98820,2.378,Low,Green,Open,EMEA,Equity,Banking,2025-03-05,24,True,Escalation Desk,Trade Timing
BRK-0210,CLT0005,Kotak Mahindra AMC,INE154A01025,ITC,ITC Ltd,2025-02-26,Bloomberg AIM,Charles River,13299,14269,970,451050,7.3,Medium,Amber,In Progress,APAC,Equity,FMCG,2025-02-26,48,False,Recon Team,Manual Entry Error
BRK-0211,CLT0012,Vanguard Emerging Markets,INE414G01012,ADANIENT,Adani Enterprises Ltd,2024-08-26,Custodian Report,Charles River,57928,52612,5316,13024200,9.176,High,Red,In Progress,Americas,Equity,Conglomerate,2024-08-26,4,False,Data Ops Team,Manual Entry Error
BRK-0212,CLT0001,Tata Investment Corp,INE001A01036,SBIN,State Bank of India,2025-04-22,Broker Confirm,In-house,89134,102104,12970,10116600,14.552,High,Red,Resolved,APAC,Equity,Banking,2025-04-22,8,False,Escalation Desk,Price Variance
BRK-0213,CLT0014,Temasek Holdings,INE075A01022,WIPRO,Wipro Ltd,2024-11-17,Custodian Report,In-house,90167,98565,8398,4366960,9.314,High,Red,Open,APAC,Equity,IT,2024-11-17,8,False,Client Services,Manual Entry Error
BRK-0214,CLT0008,Nippon India MF,INE585B01010,AXISBANK,Axis Bank Ltd,2024-12-14,Custodian Report,Charles River,35937,35620,317,332850,0.88,Low,Green,Resolved,APAC,Equity,Banking,2024-12-14,24,False,Client Services,System Sync Delay
BRK-0215,CLT0004,HDFC Pension Fund,INE721A01013,SUNPHARMA,Sun Pharmaceutical Ltd,2024-11-17,Bloomberg AIM,Charles River,19689,21610,1921,3227280,9.759,High,Red,Escalated,APAC,Equity,Pharma,2024-11-17,8,False,Recon Team,System Sync Delay
BRK-0216,CLT0001,Tata Investment Corp,INE018A01030,LARSEN,Larsen & Toubro Ltd,2024-11-03,Broker Confirm,Charles River,52168,57120,4952,18074800,9.493,High,Red,Open,APAC,Equity,Infrastructure,2024-11-03,24,False,Client Services,Manual Entry Error
BRK-0217,CLT0004,HDFC Pension Fund,INE467B01029,TCS,Tata Consultancy Services,2024-07-07,Bloomberg AIM,Simcorp,18783,19454,671,2630320,3.577,Medium,Amber,Open,APAC,Equity,IT,2024-07-07,48,True,Data Ops Team,Price Variance
BRK-0218,CLT0004,HDFC Pension Fund,INE414G01012,ADANIENT,Adani Enterprises Ltd,2025-04-22,Custodian Report,Simcorp,90790,80583,10207,25007150,11.242,High,Red,Open,APAC,Equity,Conglomerate,2025-04-22,24,False,Client Services,Manual Entry Error
BRK-0219,CLT0005,Kotak Mahindra AMC,INE154A01025,ITC,ITC Ltd,2024-08-25,Custodian Report,Simcorp,20082,22065,1983,922095,9.875,High,Red,Open,APAC,Equity,FMCG,2024-08-25,48,False,Data Ops Team,System Sync Delay
BRK-0220,CLT0012,Vanguard Emerging Markets,INE117A01022,BHARTIARTL,Bharti Airtel Ltd,2025-03-08,Custodian Report,Simcorp,15899,15294,605,840950,3.805,Medium,Amber,Open,Americas,Equity,Telecom,2025-03-08,48,False,Client Services,Manual Entry Error
BRK-0221,CLT0001,Tata Investment Corp,INE040A01034,HDFCBANK,HDFC Bank Ltd,2024-08-21,Broker Confirm,In-house,23437,26312,2875,4657500,12.268,High,Red,Escalated,APAC,Equity,Banking,2024-08-21,48,False,Client Services,Corporate Action
BRK-0222,CLT0008,Nippon India MF,INE075A01022,WIPRO,Wipro Ltd,2024-11-08,Bloomberg AIM,In-house,97729,111750,14021,7290920,14.348,High,Red,Open,APAC,Equity,IT,2024-11-08,48,True,Data Ops Team,Trade Timing
BRK-0223,CLT0014,Temasek Holdings,INE038A01020,HINDALCO,Hindalco Industries Ltd,2024-06-05,Bloomberg AIM,In-house,25041,28735,3694,2438040,14.755,High,Red,Open,APAC,Equity,Metals,2024-06-05,4,True,Data Ops Team,Price Variance
BRK-0224,CLT0001,Tata Investment Corp,INE040A01034,HDFCBANK,HDFC Bank Ltd,2024-08-26,Bloomberg AIM,Charles River,75364,64618,10746,17408520,14.259,High,Red,Resolved,APAC,Equity,Banking,2024-08-26,4,False,Escalation Desk,Price Variance
BRK-0225,CLT0006,LIC of India,INE467B01029,TCS,Tata Consultancy Services,2025-02-13,Broker Confirm,Simcorp,16013,18154,2141,8392720,13.372,High,Red,Open,APAC,Equity,IT,2025-02-13,8,True,Data Ops Team,System Sync Delay
BRK-0226,CLT0012,Vanguard Emerging Markets,INE075A01022,WIPRO,Wipro Ltd,2025-05-13,Broker Confirm,Charles River,37879,32957,4922,2559440,12.993,High,Red,In Progress,Americas,Equity,IT,2025-05-13,24,True,Escalation Desk,Price Variance
BRK-0227,CLT0006,LIC of India,INE009A01021,INFY,Infosys Ltd,2024-08-29,Broker Confirm,In-house,87886,83835,4051,5995480,4.609,Medium,Amber,In Progress,APAC,Equity,IT,2024-08-29,4,False,Recon Team,System Sync Delay
BRK-0228,CLT0012,Vanguard Emerging Markets,INE009A01021,INFY,Infosys Ltd,2024-11-16,Broker Confirm,In-house,50130,43094,7036,10413280,14.035,High,Red,In Progress,Americas,Equity,IT,2024-11-16,24,True,Recon Team,Manual Entry Error
BRK-0229,CLT0007,ICICI Prudential AMC,INE117A01022,BHARTIARTL,Bharti Airtel Ltd,2024-10-10,Bloomberg AIM,Charles River,8612,9021,409,568510,4.75,Medium,Amber,Resolved,APAC,Equity,Telecom,2024-10-10,24,False,Data Ops Team,Corporate Action
BRK-0230,CLT0012,Vanguard Emerging Markets,INE467B01029,TCS,Tata Consultancy Services,2024-06-21,Broker Confirm,In-house,39260,37911,1349,5288080,3.435,Medium,Amber,Open,Americas,Equity,IT,2024-06-21,4,False,Data Ops Team,System Sync Delay
BRK-0231,CLT0011,BlackRock India Fund,INE414G01012,ADANIENT,Adani Enterprises Ltd,2024-08-22,Bloomberg AIM,In-house,6895,7163,268,656600,3.891,Medium,Amber,Open,Americas,Equity,Conglomerate,2024-08-22,24,False,Data Ops Team,Manual Entry Error
BRK-0232,CLT0014,Temasek Holdings,INE090A01021,ICICIBANK,ICICI Bank Ltd,2025-02-11,Bloomberg AIM,Simcorp,23934,23179,755,936200,3.152,Medium,Amber,Open,APAC,Equity,Banking,2025-02-11,24,False,Data Ops Team,Trade Timing
BRK-0233,CLT0003,SBI Life Insurance,INE090A01021,ICICIBANK,ICICI Bank Ltd,2024-12-03,Custodian Report,Simcorp,90799,83372,7427,9209480,8.179,High,Red,In Progress,APAC,Equity,Banking,2024-12-03,4,False,Data Ops Team,Manual Entry Error
BRK-0234,CLT0008,Nippon India MF,INE585B01010,AXISBANK,Axis Bank Ltd,2025-03-24,Custodian Report,Simcorp,77024,66504,10520,11046000,13.658,High,Red,In Progress,APAC,Equity,Banking,2025-03-24,4,False,Escalation Desk,Trade Timing
BRK-0235,CLT0012,Vanguard Emerging Markets,INE361B01024,HCLTECH,HCL Technologies Ltd,2024-07-21,Broker Confirm,Charles River,64305,68076,3771,5958180,5.865,Medium,Amber,Resolved,Americas,Equity,IT,2024-07-21,4,True,Data Ops Team,Trade Timing
BRK-0236,CLT0003,SBI Life Insurance,INE117A01022,BHARTIARTL,Bharti Airtel Ltd,2024-07-31,Broker Confirm,In-house,35128,36387,1259,1750010,3.586,Medium,Amber,In Progress,APAC,Equity,Telecom,2024-07-31,4,False,Client Services,Price Variance
BRK-0237,CLT0003,SBI Life Insurance,INE585B01010,AXISBANK,Axis Bank Ltd,2024-06-15,Custodian Report,Simcorp,78695,83000,4305,4520250,5.471,Medium,Amber,Open,APAC,Equity,Banking,2024-06-15,24,False,Recon Team,Trade Timing
BRK-0238,CLT0009,Emirates NBD Asset Mgmt,INE009A01021,INFY,Infosys Ltd,2024-12-18,Broker Confirm,In-house,24873,26541,1668,2468640,6.709,Medium,Amber,Resolved,EMEA,Equity,IT,2024-12-18,8,True,Data Ops Team,Price Variance
BRK-0239,CLT0005,Kotak Mahindra AMC,INE721A01013,SUNPHARMA,Sun Pharmaceutical Ltd,2025-02-06,Custodian Report,In-house,62858,66842,3984,6693120,6.339,Medium,Amber,Resolved,APAC,Equity,Pharma,2025-02-06,48,False,Escalation Desk,Trade Timing
BRK-0240,CLT0007,ICICI Prudential AMC,INE038A01020,HINDALCO,Hindalco Industries Ltd,2024-09-10,Bloomberg AIM,Simcorp,66316,75668,9352,6172320,14.102,High,Red,Resolved,APAC,Equity,Metals,2024-09-10,24,False,Data Ops Team,Manual Entry Error
BRK-0241,CLT0011,BlackRock India Fund,INE031A01017,POWERGRID,Power Grid Corp of India,2024-11-29,Custodian Report,Charles River,53221,58757,5536,1743840,10.403,High,Red,Resolved,Americas,Equity,Utilities,2024-11-29,24,False,Client Services,Trade Timing
BRK-0242,CLT0012,Vanguard Emerging Markets,INE018A01030,LARSEN,Larsen & Toubro Ltd,2024-09-08,Bloomberg AIM,Simcorp,44925,50343,5418,19775700,12.061,High,Red,Resolved,Americas,Equity,Infrastructure,2024-09-08,4,True,Client Services,System Sync Delay
BRK-0243,CLT0002,Aditya Birla Capital,INE001A01036,SBIN,State Bank of India,2024-07-03,Custodian Report,Simcorp,59990,57539,2451,1911780,4.085,Medium,Amber,Open,APAC,Equity,Banking,2024-07-03,8,False,Escalation Desk,Trade Timing
BRK-0244,CLT0005,Kotak Mahindra AMC,INE467B01029,TCS,Tata Consultancy Services,2024-12-06,Bloomberg AIM,Simcorp,48629,51951,3322,13022240,6.833,Medium,Amber,Escalated,APAC,Equity,IT,2024-12-06,24,False,Escalation Desk,Corporate Action
BRK-0245,CLT0010,Abu Dhabi Investment Auth,INE467B01029,TCS,Tata Consultancy Services,2024-10-13,Custodian Report,Charles River,90941,78346,12595,49372400,13.849,High,Red,Open,EMEA,Equity,IT,2024-10-13,48,True,Data Ops Team,Corporate Action
BRK-0246,CLT0005,Kotak Mahindra AMC,INE020B01018,NTPC,NTPC Ltd,2024-11-03,Bloomberg AIM,In-house,88405,92930,4525,1629000,5.119,Medium,Amber,Escalated,APAC,Equity,Utilities,2024-11-03,48,False,Client Services,Corporate Action
BRK-0247,CLT0006,LIC of India,INE038A01020,HINDALCO,Hindalco Industries Ltd,2025-04-21,Bloomberg AIM,Charles River,43786,44554,768,506880,1.755,Low,Green,In Progress,APAC,Equity,Metals,2025-04-21,4,True,Client Services,System Sync Delay
BRK-0248,CLT0001,Tata Investment Corp,INE009A01021,INFY,Infosys Ltd,2024-07-02,Custodian Report,Simcorp,42845,45843,2998,4437040,6.998,Medium,Amber,Open,APAC,Equity,IT,2024-07-02,8,False,Data Ops Team,Price Variance
BRK-0249,CLT0011,BlackRock India Fund,INE721A01013,SUNPHARMA,Sun Pharmaceutical Ltd,2025-01-20,Bloomberg AIM,Charles River,18520,15994,2526,4243680,13.638,High,Red,Open,Americas,Equity,Pharma,2025-01-20,4,False,Escalation Desk,Corporate Action
BRK-0250,CLT0004,HDFC Pension Fund,INE213A01029,MARUTI,Maruti Suzuki India Ltd,2025-04-14,Broker Confirm,In-house,20914,19161,1753,22438400,8.378,High,Red,Open,APAC,Equity,Auto,2025-04-14,4,False,Client Services,System Sync Delay
BRK-0251,CLT0007,ICICI Prudential AMC,INE040A01034,HDFCBANK,HDFC Bank Ltd,2024-11-13,Broker Confirm,Charles River,75986,83250,7264,11767680,9.56,High,Red,Resolved,APAC,Equity,Banking,2024-11-13,4,False,Escalation Desk,Manual Entry Error
BRK-0252,CLT0010,Abu Dhabi Investment Auth,INE040A01034,HDFCBANK,HDFC Bank Ltd,2024-07-24,Bloomberg AIM,In-house,5015,4933,82,132840,1.616,Low,Green,In Progress,EMEA,Equity,Banking,2024-07-24,24,False,Client Services,Manual Entry Error
BRK-0253,CLT0013,GIC Private Ltd Singapore,INE585B01010,AXISBANK,Axis Bank Ltd,2024-06-14,Bloomberg AIM,Charles River,9655,10213,558,585900,5.781,Medium,Amber,Open,APAC,Equity,Banking,2024-06-14,8,False,Recon Team,Corporate Action
BRK-0254,CLT0013,GIC Private Ltd Singapore,INE038A01020,HINDALCO,Hindalco Industries Ltd,2025-04-13,Custodian Report,In-house,21817,22497,680,448800,3.121,Medium,Amber,Escalated,APAC,Equity,Metals,2025-04-13,48,False,Recon Team,Corporate Action
BRK-0255,CLT0005,Kotak Mahindra AMC,INE009A01021,INFY,Infosys Ltd,2024-12-28,Broker Confirm,In-house,78641,73805,4836,7157280,6.148,Medium,Amber,Open,APAC,Equity,IT,2024-12-28,48,False,Client Services,Corporate Action
BRK-0256,CLT0002,Aditya Birla Capital,INE154A01025,ITC,ITC Ltd,2024-06-27,Bloomberg AIM,Charles River,79024,88428,9404,4372860,11.901,High,Red,In Progress,APAC,Equity,FMCG,2024-06-27,48,False,Client Services,Trade Timing
BRK-0257,CLT0012,Vanguard Emerging Markets,INE213A01029,MARUTI,Maruti Suzuki India Ltd,2024-09-17,Bloomberg AIM,In-house,1503,1548,45,576000,3.029,Medium,Amber,Resolved,Americas,Equity,Auto,2024-09-17,4,False,Recon Team,Manual Entry Error
BRK-0258,CLT0005,Kotak Mahindra AMC,INE018A01030,LARSEN,Larsen & Toubro Ltd,2025-03-27,Bloomberg AIM,Charles River,92782,94982,2200,8030000,2.371,Low,Green,Open,APAC,Equity,Infrastructure,2025-03-27,4,False,Escalation Desk,Corporate Action
BRK-0259,CLT0003,SBI Life Insurance,INE009A01021,INFY,Infosys Ltd,2024-08-17,Broker Confirm,Charles River,90681,94298,3617,5353160,3.989,Medium,Amber,In Progress,APAC,Equity,IT,2024-08-17,8,False,Escalation Desk,Trade Timing
BRK-0260,CLT0012,Vanguard Emerging Markets,INE075A01022,WIPRO,Wipro Ltd,2024-08-24,Custodian Report,Charles River,23107,25184,2077,1080040,8.99,High,Red,Open,Americas,Equity,IT,2024-08-24,8,False,Client Services,Manual Entry Error
BRK-0261,CLT0001,Tata Investment Corp,INE721A01013,SUNPHARMA,Sun Pharmaceutical Ltd,2024-12-10,Custodian Report,Charles River,82381,84859,2478,4163040,3.008,Medium,Amber,Open,APAC,Equity,Pharma,2024-12-10,48,True,Data Ops Team,System Sync Delay
BRK-0262,CLT0006,LIC of India,INE213A01029,MARUTI,Maruti Suzuki India Ltd,2024-06-14,Bloomberg AIM,In-house,52972,58447,5475,70080000,10.337,High,Red,In Progress,APAC,Equity,Auto,2024-06-14,4,False,Client Services,System Sync Delay
BRK-0263,CLT0007,ICICI Prudential AMC,INE414G01012,ADANIENT,Adani Enterprises Ltd,2024-08-06,Bloomberg AIM,Simcorp,11520,11933,413,1011850,3.591,Medium,Amber,Resolved,APAC,Equity,Conglomerate,2024-08-06,8,False,Data Ops Team,Manual Entry Error
BRK-0264,CLT0002,Aditya Birla Capital,INE020B01018,NTPC,NTPC Ltd,2024-06-06,Bloomberg AIM,In-house,41362,42463,1101,396360,2.664,Low,Green,Resolved,APAC,Equity,Utilities,2024-06-06,24,False,Client Services,Manual Entry Error
BRK-0265,CLT0005,Kotak Mahindra AMC,INE467B01029,TCS,Tata Consultancy Services,2024-07-31,Bloomberg AIM,Charles River,75615,65706,9909,38843280,13.104,High,Red,In Progress,APAC,Equity,IT,2024-07-31,4,True,Escalation Desk,Corporate Action
BRK-0266,CLT0007,ICICI Prudential AMC,INE018A01030,LARSEN,Larsen & Toubro Ltd,2025-04-22,Custodian Report,In-house,23719,20541,3178,11599700,13.397,High,Red,In Progress,APAC,Equity,Infrastructure,2025-04-22,48,False,Recon Team,System Sync Delay
BRK-0267,CLT0003,SBI Life Insurance,INE020B01018,NTPC,NTPC Ltd,2024-06-03,Broker Confirm,Simcorp,63122,59333,3789,1364040,6.002,Medium,Amber,In Progress,APAC,Equity,Utilities,2024-06-03,24,False,Client Services,Price Variance
BRK-0268,CLT0002,Aditya Birla Capital,INE296A01024,BAJFINANCE,Bajaj Finance Ltd,2024-12-27,Bloomberg AIM,Charles River,2963,3061,98,695800,3.326,Medium,Amber,Resolved,APAC,Equity,NBFC,2024-12-27,24,False,Recon Team,Corporate Action
BRK-0269,CLT0014,Temasek Holdings,INE018A01030,LARSEN,Larsen & Toubro Ltd,2025-02-13,Bloomberg AIM,Simcorp,63180,55827,7353,26838450,11.637,High,Red,In Progress,APAC,Equity,Infrastructure,2025-02-13,4,False,Data Ops Team,Corporate Action
BRK-0270,CLT0003,SBI Life Insurance,INE075A01022,WIPRO,Wipro Ltd,2024-07-16,Broker Confirm,Charles River,54150,46984,7166,3726320,13.232,High,Red,In Progress,APAC,Equity,IT,2024-07-16,4,False,Recon Team,Corporate Action
BRK-0271,CLT0003,SBI Life Insurance,INE066A01021,ONGC,Oil & Natural Gas Corp,2024-11-20,Bloomberg AIM,Charles River,3883,4361,478,129060,12.313,High,Red,In Progress,APAC,Equity,Energy,2024-11-20,48,False,Recon Team,Trade Timing
BRK-0272,CLT0009,Emirates NBD Asset Mgmt,INE721A01013,SUNPHARMA,Sun Pharmaceutical Ltd,2024-06-10,Bloomberg AIM,Simcorp,3618,3263,355,596400,9.791,High,Red,Resolved,EMEA,Equity,Pharma,2024-06-10,4,False,Client Services,Price Variance
BRK-0273,CLT0008,Nippon India MF,INE721A01013,SUNPHARMA,Sun Pharmaceutical Ltd,2024-08-06,Broker Confirm,Charles River,34914,31156,3758,6313440,10.761,High,Red,Open,APAC,Equity,Pharma,2024-08-06,4,False,Recon Team,System Sync Delay
BRK-0274,CLT0009,Emirates NBD Asset Mgmt,INE467B01029,TCS,Tata Consultancy Services,2025-01-21,Custodian Report,Charles River,78011,84558,6547,25664240,8.393,High,Red,Open,EMEA,Equity,IT,2025-01-21,48,False,Client Services,Price Variance
BRK-0275,CLT0013,GIC Private Ltd Singapore,INE721A01013,SUNPHARMA,Sun Pharmaceutical Ltd,2025-02-02,Bloomberg AIM,Simcorp,63273,54394,8879,14916720,14.032,High,Red,Resolved,APAC,Equity,Pharma,2025-02-02,8,False,Client Services,Price Variance
BRK-0276,CLT0006,LIC of India,INE040A01034,HDFCBANK,HDFC Bank Ltd,2024-09-22,Custodian Report,In-house,30606,30845,239,387180,0.781,Low,Green,In Progress,APAC,Equity,Banking,2024-09-22,4,False,Escalation Desk,Trade Timing
BRK-0277,CLT0006,LIC of India,INE018A01030,LARSEN,Larsen & Toubro Ltd,2024-06-01,Custodian Report,Simcorp,82385,94493,12108,44194200,14.698,High,Red,Escalated,APAC,Equity,Infrastructure,2024-06-01,4,True,Recon Team,Trade Timing
BRK-0278,CLT0008,Nippon India MF,INE031A01017,POWERGRID,Power Grid Corp of India,2024-06-13,Custodian Report,Charles River,29501,30965,1464,461160,4.966,Medium,Amber,In Progress,APAC,Equity,Utilities,2024-06-13,4,False,Escalation Desk,Price Variance
BRK-0279,CLT0011,BlackRock India Fund,INE585B01010,AXISBANK,Axis Bank Ltd,2024-07-04,Custodian Report,Simcorp,77317,83426,6109,6414450,7.901,Medium,Amber,In Progress,Americas,Equity,Banking,2024-07-04,24,False,Escalation Desk,System Sync Delay
BRK-0280,CLT0010,Abu Dhabi Investment Auth,INE585B01010,AXISBANK,Axis Bank Ltd,2024-06-22,Custodian Report,In-house,9781,8783,998,1047900,10.198,High,Red,Open,EMEA,Equity,Banking,2024-06-22,4,False,Recon Team,Corporate Action
BRK-0281,CLT0010,Abu Dhabi Investment Auth,INE038A01020,HINDALCO,Hindalco Industries Ltd,2024-07-03,Custodian Report,Charles River,82966,87439,4473,2952180,5.392,Medium,Amber,Open,EMEA,Equity,Metals,2024-07-03,48,False,Escalation Desk,Corporate Action
BRK-0282,CLT0011,BlackRock India Fund,INE414G01012,ADANIENT,Adani Enterprises Ltd,2024-11-08,Broker Confirm,Charles River,12553,11689,864,2116800,6.875,Medium,Amber,In Progress,Americas,Equity,Conglomerate,2024-11-08,24,False,Client Services,System Sync Delay
BRK-0283,CLT0011,BlackRock India Fund,INE038A01020,HINDALCO,Hindalco Industries Ltd,2025-02-06,Custodian Report,In-house,56999,61715,4716,3112560,8.274,High,Red,Open,Americas,Equity,Metals,2025-02-06,48,False,Data Ops Team,Trade Timing
BRK-0284,CLT0013,GIC Private Ltd Singapore,INE361B01024,HCLTECH,HCL Technologies Ltd,2025-05-11,Bloomberg AIM,In-house,92058,84653,7405,11699900,8.043,High,Red,Resolved,APAC,Equity,IT,2025-05-11,48,False,Recon Team,Price Variance
BRK-0285,CLT0002,Aditya Birla Capital,INE075A01022,WIPRO,Wipro Ltd,2024-11-14,Broker Confirm,Simcorp,16414,18808,2394,1244880,14.589,High,Red,In Progress,APAC,Equity,IT,2024-11-14,24,True,Client Services,System Sync Delay
BRK-0286,CLT0014,Temasek Holdings,INE031A01017,POWERGRID,Power Grid Corp of India,2025-02-17,Broker Confirm,In-house,60776,66897,6121,1928115,10.071,High,Red,Open,APAC,Equity,Utilities,2025-02-17,8,True,Recon Team,Manual Entry Error
BRK-0287,CLT0010,Abu Dhabi Investment Auth,INE154A01025,ITC,ITC Ltd,2024-10-21,Custodian Report,In-house,88433,83664,4769,2217585,5.392,Medium,Amber,Open,EMEA,Equity,FMCG,2024-10-21,4,False,Client Services,Trade Timing
BRK-0288,CLT0005,Kotak Mahindra AMC,INE002A01018,RELIANCE,Reliance Industries Ltd,2024-10-02,Custodian Report,Simcorp,18576,21036,2460,7011000,13.247,High,Red,Resolved,APAC,Equity,Energy,2024-10-02,4,False,Client Services,Corporate Action
BRK-0289,CLT0007,ICICI Prudential AMC,INE296A01024,BAJFINANCE,Bajaj Finance Ltd,2024-10-12,Bloomberg AIM,In-house,87729,76089,11640,82644000,13.268,High,Red,In Progress,APAC,Equity,NBFC,2024-10-12,4,True,Escalation Desk,Price Variance
BRK-0290,CLT0004,HDFC Pension Fund,INE296A01024,BAJFINANCE,Bajaj Finance Ltd,2024-06-12,Custodian Report,In-house,25456,26921,1465,10401500,5.757,Medium,Amber,Open,APAC,Equity,NBFC,2024-06-12,8,False,Escalation Desk,Trade Timing
BRK-0291,CLT0002,Aditya Birla Capital,INE031A01017,POWERGRID,Power Grid Corp of India,2024-08-28,Custodian Report,In-house,44496,46999,2503,788445,5.627,Medium,Amber,Resolved,APAC,Equity,Utilities,2024-08-28,4,False,Recon Team,Trade Timing
BRK-0292,CLT0009,Emirates NBD Asset Mgmt,INE002A01018,RELIANCE,Reliance Industries Ltd,2024-12-21,Broker Confirm,Simcorp,11544,12874,1330,3790500,11.528,High,Red,Open,EMEA,Equity,Energy,2024-12-21,4,False,Data Ops Team,Manual Entry Error
BRK-0293,CLT0002,Aditya Birla Capital,INE090A01021,ICICIBANK,ICICI Bank Ltd,2025-04-29,Broker Confirm,Charles River,44612,41947,2665,3304600,5.972,Medium,Amber,In Progress,APAC,Equity,Banking,2025-04-29,4,False,Client Services,Price Variance
BRK-0294,CLT0005,Kotak Mahindra AMC,INE018A01030,LARSEN,Larsen & Toubro Ltd,2024-08-01,Broker Confirm,Simcorp,83505,82730,775,2828750,0.928,Low,Green,Open,APAC,Equity,Infrastructure,2024-08-01,8,False,Recon Team,System Sync Delay
BRK-0295,CLT0005,Kotak Mahindra AMC,INE414G01012,ADANIENT,Adani Enterprises Ltd,2024-12-27,Bloomberg AIM,Charles River,8364,9003,639,1565550,7.652,Medium,Amber,Resolved,APAC,Equity,Conglomerate,2024-12-27,4,True,Client Services,System Sync Delay
BRK-0296,CLT0004,HDFC Pension Fund,INE002A01018,RELIANCE,Reliance Industries Ltd,2024-11-25,Bloomberg AIM,Simcorp,40127,36556,3571,10177350,8.898,High,Red,Open,APAC,Equity,Energy,2024-11-25,24,False,Escalation Desk,Price Variance
BRK-0297,CLT0008,Nippon India MF,INE038A01020,HINDALCO,Hindalco Industries Ltd,2025-01-01,Custodian Report,Simcorp,52556,48779,3777,2492820,7.186,Medium,Amber,Open,APAC,Equity,Metals,2025-01-01,4,False,Client Services,System Sync Delay
BRK-0298,CLT0015,Norges Bank Investment Mgmt,INE585B01010,AXISBANK,Axis Bank Ltd,2024-07-24,Broker Confirm,Simcorp,38287,41132,2845,2987250,7.431,Medium,Amber,Resolved,EMEA,Equity,Banking,2024-07-24,24,False,Recon Team,Manual Entry Error
BRK-0299,CLT0015,Norges Bank Investment Mgmt,INE721A01013,SUNPHARMA,Sun Pharmaceutical Ltd,2024-08-30,Bloomberg AIM,In-house,95201,97040,1839,3089520,1.932,Low,Green,Open,EMEA,Equity,Pharma,2024-08-30,4,True,Client Services,Trade Timing
BRK-0300,CLT0015,Norges Bank Investment Mgmt,INE040A01034,HDFCBANK,HDFC Bank Ltd,2024-11-19,Custodian Report,Simcorp,59163,61501,2338,3787560,3.953,Medium,Amber,Open,EMEA,Equity,Banking,2024-11-19,24,False,Client Services,Trade Timing
